longitude,latitude,housing_median_age,total_rooms,total_bedrooms,population,households,median_income,median_house_value,ocean_proximity
-120.5673,34.2588,28,3896,3925,6461,44,14.167,254580,NEAR OCEAN
-114.5175,37.6481,7,334,1660,6415,4958,14.3397,180334,NEAR OCEAN
-116.8141,40.793,35,9220,2973,15499,2858,4.3507,413581,<1H OCEAN
-118.2141,39.4561,28,3707,3932,742,757,9.7376,493833,NEAR BAY
-122.8618,40.1623,14,8143,3271,1528,199,7.6371,461811,NEAR OCEAN
-122.8621,38.7584,10,622,4441,6446,251,13.2596,110148,ISLAND
-123.8901,39.0766,16,6004,4785,8498,1937,4.8,359070,<1H OCEAN
-115.4052,40.5674,16,4988,2437,10672,362,1.0518,125271,INLAND
-118.1883,34.8718,31,9921,4773,16875,4592,3.2759,84457,NEAR BAY
-117.0652,37.1495,42,5932,991,10123,5938,5.8933,92531,ISLAND
-124.2839,34.6015,25,7222,4975,2696,2643,5.4201,254335,NEAR OCEAN
-114.3159,41.8828,13,5942,2616,5259,474,12.0791,178027,INLAND
-115.7594,41.4686,6,1416,1025,6583,5371,10.5278,244243,NEAR BAY
-122.2704,32.8746,44,1224,1004,7261,4404,5.1938,307231,<1H OCEAN
-122.5908,39.203,9,5721,1312,9977,5352,7.4084,299301,INLAND
-122.5743,41.2899,45,5523,993,11977,4645,2.3378,95771,INLAND
-121.3055,34.2155,36,2687,2252,19079,2296,13.5741,143135,ISLAND
-118.9901,37.8955,43,9315,3377,9366,615,14.0959,116354,NEAR BAY
-119.9646,41.1971,20,5772,4324,12227,3894,14.7172,162743,ISLAND
-121.4421,32.8225,18,1478,2309,10896,4550,13.1597,294453,ISLAND
-118.0755,39.1255,43,3474,1878,7983,4997,3.4355,480505,NEAR OCEAN
-123.0353,35.3248,21,1619,1307,5526,5897,1.6468,83892,<1H OCEAN
-121.4325,41.2818,4,5877,514,13903,4517,9.1144,252268,INLAND
-120.6532,41.7251,50,8035,3344,7978,2689,13.7765,441806,NEAR BAY
-119.7113,41.4705,33,6193,1280,2130,2155,3.4829,145057,<1H OCEAN
-116.2557,37.005,27,8518,2704,6139,3984,1.0986,88409,<1H OCEAN
-122.4034,40.6894,7,5455,934,7847,1585,12.2769,296889,NEAR BAY
-119.1005,40.5232,6,5068,3855,17295,328,2.0751,477686,<1H OCEAN
-118.2796,35.5315,15,9183,3906,8396,362,6.7919,199457,NEAR OCEAN
-124.0123,40.3747,18,5674,3185,19928,455,10.5044,466512,<1H OCEAN
-118.1208,32.8516,32,4172,974,954,196,4.3152,430710,NEAR OCEAN
-122.7095,38.1646,11,2357,4639,17703,158,2.1755,373860,INLAND
-123.817,34.6851,20,8688,1596,16838,213,11.7803,401296,INLAND
-114.5367,33.6454,24,4524,1144,10024,3277,9.8225,76382,ISLAND
-114.3609,33.2311,15,3337,2461,1234,3255,14.8389,126675,NEAR OCEAN
-116.0118,39.1147,48,3993,2667,1775,5300,5.8203,72419,INLAND
-121.3016,35.7288,7,2105,812,11430,962,1.8647,131238,<1H OCEAN
-123.4744,39.3853,21,2116,2373,13107,4640,11.2809,275825,NEAR BAY
-117.3156,33.1209,42,9488,4195,5656,3899,8.3043,220363,NEAR BAY
-119.8784,35.4953,26,1872,2825,4006,5740,3.9849,324541,NEAR OCEAN
-123.2186,37.6252,44,8453,4709,16605,3133,11.9442,370032,ISLAND
-119.3006,40.0119,14,4076,4928,18740,2982,3.8526,85169,<1H OCEAN
-124.1389,35.5281,37,1851,3205,16131,4856,4.6493,112182,NEAR OCEAN
-114.9521,38.446,21,9067,4020,471,4977,2.2954,404620,NEAR BAY
-121.7828,40.9168,18,7530,2090,5590,973,6.5921,354393,NEAR OCEAN
-117.5435,38.3507,5,7270,633,16338,1322,6.865,209413,<1H OCEAN
-121.227,34.7131,3,6569,4381,16016,5390,8.2039,387747,INLAND
-119.0393,32.7318,23,9231,2153,15932,3401,10.9255,227216,<1H OCEAN
-118.7595,40.7659,26,3320,1992,4725,5859,13.6854,129360,INLAND
-122.559,32.7021,37,639,4505,9132,2900,2.9283,63444,INLAND
-114.3194,40.8097,24,1561,159,13059,2207,1.7609,488863,INLAND
-116.3611,37.5249,49,5284,241,6798,4907,1.2594,173662,NEAR OCEAN
-114.6353,41.4211,19,8647,953,6153,565,3.0107,295488,NEAR BAY
-115.1043,40.0884,51,334,911,17907,5960,10.2113,148843,NEAR OCEAN
-118.2221,41.9804,25,1648,1133,19677,5132,11.1847,323118,NEAR BAY
-114.8203,35.8318,21,7580,699,18615,1947,12.0111,162150,<1H OCEAN
-123.5708,39.7883,12,4313,4184,19530,5669,4.4119,481599,ISLAND
-122.4422,36.3183,41,1773,3661,11398,4172,5.2825,306620,<1H OCEAN
-124.0251,37.0588,33,6808,686,9832,24,7.7639,144826,NEAR OCEAN
-121.084,38.4613,50,8082,1086,5932,3501,1.8846,409792,NEAR OCEAN
-120.4189,40.7999,4,2200,4181,5848,5553,9.556,275121,NEAR BAY
-121.6508,41.8488,42,3848,2198,9677,3273,14.7723,446172,NEAR OCEAN
-115.7983,39.7986,7,3273,3915,8465,1382,6.0513,451293,INLAND
-120.7541,36.4688,22,1915,3207,12516,1840,11.5399,348634,NEAR OCEAN
-121.5502,36.5029,33,3941,3637,9896,5398,8.0005,291435,NEAR BAY
-118.8017,39.507,17,8116,3344,12770,2683,2.7894,174713,NEAR BAY
-123.0203,34.7684,24,7111,4311,9195,2958,9.1513,105612,INLAND
-116.0769,33.5495,34,4593,2480,4574,1293,5.1982,150474,NEAR BAY
-123.7172,35.8689,28,774,1929,6609,3346,1.4816,348303,ISLAND
-114.1377,35.2288,43,8188,4016,7670,3679,9.889,89710,<1H OCEAN
-116.3914,35.3149,41,8678,3763,19208,2965,13.0251,457022,NEAR OCEAN
-122.4135,34.7193,39,2258,4176,3174,3038,5.8268,163096,ISLAND
-124.442,32.8999,22,2761,4156,8721,1151,6.4641,259417,NEAR OCEAN
-115.9377,32.6698,49,2164,2061,11756,4783,13.4743,261463,ISLAND
-117.078,41.8834,17,3353,3423,17787,2656,12.3905,419556,NEAR OCEAN
-116.8454,36.5638,34,5079,2193,12120,3049,11.0093,144924,INLAND
-116.4017,36.1511,6,7803,2550,8184,3039,4.4832,318602,NEAR BAY
-123.7225,38.9566,46,9031,4631,974,5397,13.743,443137,NEAR BAY
-120.7361,34.5734,6,1501,1339,18604,5112,3.1618,347668,INLAND
-123.2834,41.5246,34,3359,1497,5556,4397,9.7748,187925,ISLAND
-115.4374,39.9703,1,4023,3249,13700,3179,1.4032,352621,<1H OCEAN
-117.9554,33.3494,10,4314,1993,2445,5343,10.0121,344366,ISLAND
-121.0256,36.467,21,3327,3233,15360,5051,4.88,68320,NEAR BAY
-123.8326,40.8516,5,2845,3266,8276,273,7.2955,144154,<1H OCEAN
-121.2347,41.475,2,6191,3186,11831,5327,5.8337,102243,NEAR OCEAN
-121.0856,36.9403,22,3966,3368,5565,348,3.4186,226687,<1H OCEAN
-116.8391,38.3274,48,5918,2832,19104,2611,9.7077,460568,ISLAND
-117.8056,34.0868,2,2322,1040,3415,2850,13.3477,122833,INLAND
-115.1843,41.9161,10,2892,4970,17022,3064,14.4272,143476,NEAR OCEAN
-119.5417,34.7009,34,9989,2203,11460,1440,3.6928,164560,ISLAND
-123.2443,41.456,16,4163,275,19572,5656,11.0432,446419,NEAR OCEAN
-117.0109,38.6716,48,1624,826,9145,3421,10.3008,351411,<1H OCEAN
-116.5118,38.2735,51,8324,2887,10411,2912,5.8073,87941,NEAR BAY
-118.6066,37.3705,39,6298,737,8581,5308,1.2674,394953,ISLAND
-116.4048,34.6914,22,4125,579,4320,5832,10.6571,75368,INLAND
-119.3151,34.177,12,2666,3492,9956,5317,14.2369,389330,<1H OCEAN
-119.0113,34.5946,24,2903,2203,16990,674,9.8497,343128,ISLAND
-120.0108,34.2712,47,3809,1344,11329,5501,7.0941,485157,INLAND
-124.2331,39.9061,40,6255,1576,5502,779,8.3522,253990,ISLAND
-123.3671,35.8262,38,819,4824,6527,1818,3.7948,495899,<1H OCEAN
-124.17,33.0495,10,6616,2946,17450,5179,11.5076,307481,ISLAND
-117.8177,41.7065,35,4679,3153,6520,2991,11.4499,50801,NEAR OCEAN
-121.1993,40.896,51,1072,2490,2112,4531,3.0372,156538,<1H OCEAN
-119.16,41.3136,49,3818,4185,9080,3446,13.2917,424345,ISLAND
-114.9706,41.9516,32,7495,3852,19930,274,4.7687,360109,NEAR BAY
-121.8824,34.152,7,4502,894,1863,5282,14.7516,135269,ISLAND
-120.191,36.2643,21,4652,496,11721,3843,6.3606,303765,NEAR OCEAN
-116.5667,39.7033,20,2307,3965,14358,1896,3.4904,453185,INLAND
-122.0976,39.1122,26,4526,3159,2363,2777,5.9241,348113,INLAND
-123.6917,33.962,4,7019,1284,9756,2644,7.1625,475665,INLAND
-121.4576,40.2504,46,8935,276,17665,5015,1.9703,141679,NEAR BAY
-122.8072,34.6322,22,8486,4193,9887,4141,9.0951,206777,NEAR OCEAN
-114.7382,34.6263,15,8780,3009,5881,3024,9.3669,241375,<1H OCEAN
-116.0147,37.6013,40,2304,1880,19433,4536,11.345,340507,INLAND
-117.8493,38.1329,21,5445,3829,19874,3754,1.4084,211792,NEAR OCEAN
-115.3497,38.0108,15,3376,236,4106,1264,8.5773,453188,ISLAND
-116.0614,33.3691,22,1202,2927,355,5992,1.7407,83351,NEAR BAY
-122.541,40.8359,28,5343,2585,14397,5376,10.816,161023,NEAR OCEAN
-115.1281,35.0232,14,6714,1982,1739,1028,1.7802,217217,NEAR OCEAN
-118.8369,33.7304,27,9533,2974,3967,4334,13.7642,137948,<1H OCEAN
-116.0219,40.9431,41,8807,898,2986,1530,10.8292,270686,NEAR OCEAN
-115.091,41.5787,40,5323,2082,3912,1979,8.1035,269188,<1H OCEAN
-121.161,40.6902,28,8684,1302,14556,2528,7.1811,368379,NEAR BAY
-123.3445,40.1904,26,730,1931,14368,4778,2.8294,326999,NEAR BAY
-122.1067,38.7248,49,9271,319,15350,2702,5.074,479385,ISLAND
-120.0154,37.7331,2,6783,1680,5699,1009,13.1654,311677,<1H OCEAN
-115.9108,33.3264,25,377,4455,19695,4304,13.6623,227476,<1H OCEAN
-115.4623,36.3803,3,332,3253,18253,274,1.0105,200641,INLAND
-124.427,36.0405,8,9844,1624,15724,4183,9.3179,175074,INLAND
-119.1372,34.9677,44,5790,2942,17776,4731,11.0702,310078,ISLAND
-120.1172,39.3725,33,7759,1745,5610,4989,9.6625,104437,NEAR BAY
-122.1679,37.2108,42,125,3308,15501,5741,2.1435,491722,INLAND
-123.2414,33.2699,35,7568,3312,18660,4472,4.0481,206810,NEAR OCEAN
-120.955,34.5917,6,6510,1495,1129,275,4.5048,449988,NEAR BAY
-114.5994,38.991,39,8752,269,14033,1027,12.6441,140410,NEAR OCEAN
-121.1064,33.2232,23,3864,102,15377,1775,7.4848,69731,<1H OCEAN
-119.0527,40.5865,25,6699,1807,12805,2591,7.8156,191203,NEAR BAY
-117.1183,37.2039,50,5202,1716,7285,3928,14.0885,378468,ISLAND
-120.6819,37.0656,43,7106,2835,17247,3017,9.9192,235169,<1H OCEAN
-114.2963,38.1279,19,3583,769,2081,2823,13.5813,393864,<1H OCEAN
-114.3943,40.3345,5,2094,455,8564,3785,7.3911,408577,NEAR OCEAN
-121.8563,35.8042,51,8782,2344,9145,4399,3.0921,315033,<1H OCEAN
-119.2789,38.9412,11,1172,121,14337,3403,14.0191,59569,INLAND
-121.3408,37.8745,12,6807,2103,5961,118,7.4219,399337,NEAR BAY
-121.5092,35.0368,10,315,1279,11745,216,3.5428,256749,INLAND
-124.1127,40.847,8,7705,1617,19087,2549,5.2335,135192,NEAR OCEAN
-118.0996,40.0755,24,9884,3732,3390,897,1.7112,304829,NEAR OCEAN
-119.2219,38.7553,28,2706,3003,7926,1888,7.5562,137154,NEAR BAY
-123.9595,40.5805,41,8450,4532,15946,2685,12.9438,258542,<1H OCEAN
-121.5742,40.7393,36,4881,748,12485,1408,14.0701,158073,ISLAND
-114.9632,39.2294,37,3413,876,1191,2435,14.0564,269894,NEAR OCEAN
-121.9846,40.4516,21,7863,398,19331,589,2.7532,319756,NEAR BAY
-122.9786,39.126,8,6039,3958,9331,2657,6.3488,101644,ISLAND
-119.3607,38.9613,9,2395,357,2088,1085,1.3952,82069,<1H OCEAN
-114.1507,38.3768,47,5785,3466,4320,441,12.9723,393885,NEAR OCEAN
-121.9584,39.6508,15,1796,2384,10096,2903,6.0226,470547,NEAR BAY
-117.4426,34.0067,48,2046,4911,4733,1224,9.8356,368041,NEAR BAY
-116.503,40.8683,46,2883,4870,16928,564,11.0086,195006,NEAR BAY
-122.0048,40.7825,40,3744,2859,7166,4186,7.0178,453311,NEAR OCEAN
-116.8537,32.7778,18,5341,3608,1834,3659,5.2902,414688,ISLAND
-120.6383,40.3453,42,6520,4528,19944,1243,14.471,68706,NEAR BAY
-117.8608,33.7243,20,7657,3527,3836,3192,14.5028,224588,<1H OCEAN
-117.8479,35.6836,6,2745,4670,9240,787,5.0521,153602,NEAR BAY
-118.8744,39.5633,12,6689,2736,5478,3677,7.7148,346773,ISLAND
-123.552,34.0272,2,6453,3035,6731,5822,14.6198,490126,NEAR OCEAN
-115.7293,40.2707,7,2032,325,6943,674,1.0682,174746,NEAR BAY
-121.1318,40.4053,16,1857,2597,12711,2466,6.7775,70431,NEAR BAY
-122.5416,37.3209,3,5185,2814,14942,5912,2.4064,237805,<1H OCEAN
-124.0719,32.5607,45,5737,386,9693,240,8.1282,90088,<1H OCEAN
-118.2956,35.2269,3,1216,2023,9993,3686,1.3454,225207,NEAR BAY
-117.3856,38.3608,27,592,3029,10522,4297,6.6966,481231,NEAR BAY
-124.3258,41.8213,50,8911,4626,13042,4422,4.0898,281110,<1H OCEAN
-119.123,38.5022,43,7988,4018,11176,2589,8.4663,81385,ISLAND
-122.1218,34.9681,40,6574,960,6919,5535,14.9439,382343,INLAND
-117.7257,38.5231,38,9838,2046,7719,1033,12.2075,350821,INLAND
-122.6692,37.6299,33,5058,3179,11588,2071,12.839,168104,NEAR BAY
-117.2452,39.9085,28,9897,4254,10115,4005,9.8937,62818,<1H OCEAN
-120.4393,33.5163,1,9567,3807,10221,4963,1.5818,375145,NEAR OCEAN
-114.6643,39.7298,8,2843,377,17746,4919,3.8952,205049,NEAR OCEAN
-123.056,37.642,37,7966,1849,3012,4330,13.9509,99832,INLAND
-120.9188,41.6484,32,7260,364,13901,3039,6.1256,353075,ISLAND
-123.3085,35.7478,48,5551,3595,19372,3701,2.4509,133990,INLAND
-114.7907,38.5099,43,5358,1184,13029,1463,10.8337,259966,NEAR BAY
-115.2879,41.3543,37,8648,2796,19631,4216,5.1924,122204,ISLAND
-121.7916,33.4738,4,7286,4926,5346,3030,4.764,95784,NEAR OCEAN
-117.5702,41.4037,30,6202,1570,14795,592,14.9717,418449,<1H OCEAN
-115.9192,39.0349,6,9161,205,5780,1352,13.0139,59921,<1H OCEAN
-118.6704,33.1445,46,9177,1774,13971,4773,6.7111,347103,NEAR BAY
-118.9387,35.3592,19,9575,3393,176,4022,14.7237,344472,INLAND
-121.9606,39.2276,32,719,936,5652,5649,10.1016,452075,NEAR BAY
-123.5224,33.1398,9,982,3123,17625,3154,11.3883,305564,<1H OCEAN
-115.0792,38.0306,12,9088,2855,19073,5772,1.4412,139506,NEAR OCEAN
-115.0456,35.7859,11,3742,771,12631,4106,2.7025,124408,<1H OCEAN
-117.8524,38.3987,46,1396,962,16047,245,9.8632,173852,ISLAND
-120.9402,32.9345,16,8536,3407,17800,4220,13.5863,265838,<1H OCEAN
-120.8333,40.7796,1,2995,920,9261,2017,9.7324,76708,<1H OCEAN
-116.8775,41.7481,45,6693,4158,15047,791,2.8763,68847,ISLAND
-115.0803,41.7043,21,1029,547,6721,4544,2.6206,105989,INLAND
-115.1856,39.6217,30,5466,1806,12321,453,12.8186,437527,<1H OCEAN
-116.3113,33.7358,13,8811,1167,8926,5346,2.9502,54922,NEAR BAY
-117.7587,39.7035,34,3312,3459,2937,3119,8.2832,102335,<1H OCEAN
-123.6165,32.7336,4,2509,2878,9704,2749,1.5196,439057,NEAR BAY
-122.8029,32.7102,28,8299,1697,4136,3427,2.1294,456757,ISLAND
-115.0652,35.5743,38,3523,3033,18695,3160,10.4129,331695,<1H OCEAN
-118.1325,37.1421,31,7076,192,4230,885,10.6485,200453,ISLAND
-124.4034,39.8189,27,7694,2811,2891,2813,5.7806,425463,ISLAND
-123.4345,38.9913,5,5258,3485,6090,2931,4.0185,367817,INLAND
-117.5332,36.7361,25,3767,4710,19994,2435,12.3919,413675,<1H OCEAN
-124.4469,35.0995,3,6073,2481,10354,270,4.0394,72948,NEAR BAY
-122.8115,41.9727,33,6336,4562,4808,4971,8.5884,142264,NEAR BAY
-118.7383,36.5487,4,8377,1898,17060,3777,14.5549,109072,<1H OCEAN
-117.2351,36.7882,25,2568,2746,16284,5309,3.0699,379704,INLAND
-117.6544,34.0544,20,6317,1767,5064,4676,14.1723,263321,INLAND
-122.1452,40.0507,34,3719,3122,1425,5585,3.5605,183558,INLAND
-117.0221,39.09,26,1736,1117,1231,938,8.9442,116691,NEAR BAY
-122.0089,34.5973,5,8255,2836,540,1193,6.2781,191154,ISLAND
-121.0833,33.2826,35,3683,3841,3779,3223,14.509,414925,INLAND
-116.6618,38.9647,28,4109,1338,6024,452,4.8296,396249,NEAR BAY
-117.6789,38.7179,29,3426,3921,19968,5084,6.5952,57086,NEAR BAY
-115.5832,35.096,9,8248,1856,19730,855,14.76,439962,ISLAND
-117.5951,41.5332,38,2317,1554,18374,2266,8.5106,117853,<1H OCEAN
-118.5328,33.935,50,5067,3358,1932,2282,8.0368,414069,<1H OCEAN
-123.5164,36.6072,6,2469,3001,3037,917,4.6089,382171,INLAND
-120.639,41.4644,19,3738,121,5635,3652,10.8191,328060,INLAND
-121.7154,36.4874,44,9235,1740,3209,4587,1.2012,327392,ISLAND
-121.9381,38.566,11,5822,1394,4580,3835,1.6932,336370,INLAND
-114.2834,36.2771,2,4544,3353,17115,266,9.391,468241,ISLAND
-120.3725,35.105,47,7718,3163,1123,2449,5.7834,288922,NEAR BAY
-115.1335,41.8478,44,4047,932,13793,1010,14.3464,98380,INLAND
-117.873,36.3887,44,1776,4284,18821,3330,13.6447,319992,NEAR BAY
-116.1545,40.9939,9,1296,2712,2743,946,10.9919,64274,NEAR OCEAN
-119.2223,34.6846,21,2887,1554,9612,3458,12.454,366689,ISLAND
-118.4425,34.5245,24,7532,2513,4390,5307,10.3426,310115,NEAR OCEAN
-119.3286,32.7958,34,9753,2603,2206,2627,2.7581,146494,INLAND
-122.4499,38.6908,22,8027,782,16234,1094,11.7176,165981,NEAR BAY
-116.9143,36.001,3,3418,1798,8016,5950,3.9427,216305,INLAND
-121.5519,40.7114,12,8958,3974,2630,4042,5.5282,66304,NEAR OCEAN
-124.2447,36.9955,28,6789,473,7307,3819,12.4693,323438,INLAND
-117.7225,41.6978,30,2276,3528,2209,4804,8.5114,338569,<1H OCEAN
-122.6403,34.2625,26,3843,1641,16222,3171,13.0392,249783,NEAR OCEAN
-114.6252,40.7519,48,8892,4535,13950,3458,3.9825,160777,INLAND
-114.4837,39.8777,21,4522,4487,11490,5600,9.5089,452641,NEAR BAY
-114.8939,39.8238,28,3924,4759,14728,5075,2.1731,141549,INLAND
-120.6133,40.5254,26,9271,542,14486,4593,10.0029,143464,NEAR BAY
-124.3377,39.7297,33,2551,241,12071,3511,11.6755,488206,<1H OCEAN
-114.7527,38.4491,21,728,548,6822,726,9.189,156748,INLAND
-120.0041,33.7468,35,9921,4967,1677,5253,4.7272,380439,<1H OCEAN
-114.3501,32.809,34,7878,1306,11714,3084,1.4388,328235,NEAR OCEAN
-114.382,41.2481,41,3796,2018,8269,773,2.6723,432087,NEAR BAY
-115.5434,38.3582,51,3774,4372,18419,5775,9.7122,304174,NEAR OCEAN
-121.4083,40.0671,47,4029,2236,9763,607,14.0819,181074,NEAR BAY
-120.4565,37.0745,18,2865,866,8538,1354,3.8915,303890,<1H OCEAN
-115.5631,33.6144,11,4469,3270,2231,5608,11.2904,100411,ISLAND
-121.1723,33.6893,23,8407,1523,11644,1867,13.1303,484174,INLAND
-122.7203,39.0129,48,5056,1136,18730,3954,8.2924,308901,<1H OCEAN
-118.6536,36.5879,22,792,4249,7214,3946,10.3697,145696,NEAR BAY
-114.6704,34.405,17,3262,1924,19031,3337,12.4102,201779,NEAR BAY
-117.1917,37.1701,5,1205,920,951,4040,4.6495,196320,NEAR BAY
-118.5144,33.11,44,3108,4813,9340,3175,5.1565,121309,NEAR BAY
-123.4796,38.0287,11,2261,2092,18111,4322,1.0088,259394,INLAND
-118.0424,35.0554,30,8445,322,2931,2218,14.4833,494936,NEAR OCEAN
-114.1044,40.0768,15,3799,1079,13108,184,13.8456,196109,ISLAND
-123.0291,35.4484,27,3886,3268,5672,2018,11.704,117421,INLAND
-119.0575,36.8246,35,9356,4119,1428,3077,2.1071,286436,NEAR BAY
-115.2876,32.6104,33,4300,1101,17682,2104,7.265,352756,INLAND
-116.7219,33.1882,20,2013,4083,5700,4448,2.4265,63450,<1H OCEAN
-117.1813,36.2287,16,9508,1623,12483,422,1.2229,59491,NEAR BAY
-117.1239,37.0594,34,5620,3240,9506,433,9.6266,167026,ISLAND
-120.7253,38.2002,2,1872,4438,7086,64,14.4516,124804,NEAR BAY
-121.4173,35.2708,35,2880,3847,6537,4177,13.6402,405437,ISLAND
-116.0017,39.1023,40,7523,3339,17492,2487,10.7546,169498,ISLAND
-115.9938,40.6712,28,2971,3797,18482,887,2.353,288515,NEAR OCEAN
-115.3957,39.9086,47,760,2155,4298,5607,4.8383,450007,NEAR OCEAN
-114.911,32.8764,39,6342,357,18910,38,5.4808,417619,INLAND
-119.1309,37.0648,6,1232,3409,4653,384,11.6841,340458,INLAND
-119.2341,33.4968,9,799,3226,19987,3852,12.2315,364027,ISLAND
-116.1179,34.7994,20,7570,1301,12682,5256,6.3915,399230,NEAR BAY
-117.6754,41.8733,1,6397,2797,270,599,6.8504,246701,<1H OCEAN
-117.1293,33.8537,8,7912,1567,14276,565,1.6231,413435,<1H OCEAN
-116.1442,37.2394,23,4657,1428,4868,5845,5.0479,292223,NEAR BAY
-115.1549,38.3725,3,2279,4941,7399,4170,7.318,59967,NEAR BAY
-120.9511,39.1734,4,9165,2011,5668,4893,2.6378,262826,NEAR OCEAN
-120.5564,37.8167,25,8375,4355,9906,3059,7.3457,355364,<1H OCEAN
-123.5132,32.5928,47,1522,2913,4626,4157,12.9445,255235,ISLAND
-118.4281,35.6014,38,3280,2706,18305,5436,9.1385,448163,INLAND
-124.1226,37.4183,15,4416,2544,15257,4064,2.105,220491,NEAR OCEAN
-119.6112,33.3347,21,6796,4617,1512,4346,3.6834,368275,<1H OCEAN
-118.8022,35.831,35,9683,4055,15955,472,7.6436,78876,NEAR BAY
-121.4913,32.8154,46,714,3613,16302,3981,6.0608,269516,<1H OCEAN
-118.2963,33.2465,14,4670,972,8286,5661,6.0222,413592,ISLAND
-124.1797,36.2708,36,370,4282,7863,1401,8.4097,201043,NEAR OCEAN
-124.1078,33.7608,12,2568,4512,2118,1487,9.1815,279192,NEAR BAY
-115.8627,37.8916,17,9682,3009,5803,5267,12.1561,361372,ISLAND
-120.718,39.0499,39,3707,233,7287,2758,5.7735,304767,INLAND
-123.1659,40.1056,9,3175,3408,14225,1236,12.2765,386639,NEAR OCEAN
-119.0164,34.4014,35,389,1448,6241,900,5.7406,302313,ISLAND
-116.4151,34.0911,13,8220,2846,17948,3834,1.7761,78261,ISLAND
-122.2339,33.4934,15,6714,586,19032,3169,8.7586,156601,NEAR BAY
-117.9597,38.5461,18,3352,1323,14672,104,9.2306,111260,INLAND
-123.6039,39.2115,51,7515,3017,1051,5169,14.0836,446562,ISLAND
-123.9573,32.8001,33,6871,3099,17467,4164,11.1649,106176,NEAR OCEAN
-118.9208,41.394,6,378,1146,14927,1188,13.8488,364444,ISLAND
-118.8233,32.9937,27,680,1355,10282,4184,13.7169,192412,<1H OCEAN
-117.807,37.6423,23,5058,965,4526,3149,9.464,345156,NEAR OCEAN
-116.876,39.2361,27,8545,3131,16912,3665,8.3887,216465,NEAR OCEAN
-114.2536,40.7742,34,4376,4297,565,2546,8.8042,152153,ISLAND
-119.0788,39.2838,46,8097,1078,12528,2887,14.6966,468773,NEAR BAY
-121.109,40.1164,38,4876,2027,1241,3536,11.8243,385417,NEAR OCEAN
-116.1505,35.7248,14,924,3404,10910,3387,2.4877,424472,<1H OCEAN
-121.6563,40.2408,36,3932,2561,13498,5817,11.898,422448,NEAR BAY
-119.8908,33.2611,8,8991,320,6347,5714,3.3875,418781,NEAR BAY
-123.6762,41.0008,35,5545,1236,16705,2214,7.2629,198348,NEAR BAY
-124.2338,37.7021,19,1480,4605,8384,3575,3.9464,366783,NEAR OCEAN
-114.3922,40.2643,30,9965,4250,6058,5985,10.6542,434083,NEAR BAY
-115.7222,36.797,14,6634,3814,8037,5131,13.2823,57310,ISLAND
-117.1923,38.614,20,3256,2448,3382,465,5.0651,216239,NEAR BAY
-120.206,37.5008,49,4407,4579,837,3646,2.1482,415088,<1H OCEAN
-122.6804,39.4501,25,5734,4285,6272,4036,5.1789,191463,INLAND
-122.8574,33.2755,40,8675,4232,9923,3895,10.4131,172013,<1H OCEAN
-121.8724,33.0733,24,5910,1761,17056,5517,5.6026,231693,NEAR OCEAN
-118.7331,34.8475,14,8633,2280,3726,3357,4.8936,191964,NEAR BAY
-116.9967,34.0157,26,6034,178,2622,281,3.5821,388877,NEAR BAY
-117.5679,40.7819,38,3209,1319,6965,1868,7.9652,259658,ISLAND
-121.5607,34.5825,23,4182,3722,5083,5012,4.8633,479358,NEAR BAY
-114.4739,41.7707,22,3340,1651,7838,5210,11.2341,488895,<1H OCEAN
-116.7521,35.7005,48,6128,4815,15739,4045,2.0727,222687,NEAR OCEAN
-118.6793,34.2301,19,1949,4020,11502,2286,10.2965,228625,INLAND
-118.0769,40.0021,46,8597,4294,4762,5672,4.3258,159264,NEAR BAY
-120.0942,38.7577,51,2849,4997,116,111,7.8499,129071,INLAND
-121.8988,37.2329,3,6780,677,15905,4242,5.0053,222074,NEAR BAY
-120.7623,37.776,42,9427,3847,12528,4195,11.1188,434755,NEAR OCEAN
-116.5426,39.3324,19,305,2094,7583,5963,14.2343,120658,<1H OCEAN
-124.3489,34.6703,9,7452,3602,15153,3329,13.8391,59852,NEAR OCEAN
-123.2812,41.9652,28,4691,2391,4666,1002,9.168,317531,INLAND
-124.017,41.7605,20,3550,3264,13327,3463,7.4765,439715,NEAR BAY
-124.0723,38.6781,45,7314,299,17574,5031,12.4562,409439,INLAND
-115.5177,34.3957,7,3911,2975,5780,2553,10.5666,180381,<1H OCEAN
-117.1116,38.9622,14,5241,1024,10774,713,3.5699,352138,NEAR OCEAN
-119.5212,33.1859,9,8601,1375,11822,4140,12.4929,284484,INLAND
-123.4727,32.7912,19,2808,1033,16318,175,7.0044,429056,INLAND
-119.338,34.948,47,2091,938,12990,3608,3.6458,476941,<1H OCEAN
-119.5285,36.8949,14,8563,2987,19773,1832,4.9452,253754,NEAR BAY
-122.6814,40.7486,38,3373,2167,16982,5669,4.7454,181632,INLAND
-119.9446,39.4081,36,4638,2722,14693,5849,8.2689,436354,<1H OCEAN
-120.3157,39.5557,40,8812,1376,248,5196,4.2812,368709,NEAR BAY
-118.0336,36.5422,17,9268,520,17005,5744,2.7299,313456,NEAR BAY
-117.8315,35.7864,30,3822,2037,17224,4134,2.7317,461421,NEAR OCEAN
-124.0243,36.0249,9,3651,140,9880,1427,9.1659,438026,<1H OCEAN
-120.5666,41.8827,33,2932,579,13848,1236,11.2866,454811,NEAR BAY
-117.9285,32.881,25,5779,4806,17608,1430,5.5015,137566,NEAR OCEAN
-119.2171,40.7368,14,6679,4109,11519,3517,1.4851,333473,ISLAND
-115.5069,37.9974,11,252,4884,228,4392,2.7811,284750,<1H OCEAN
-117.5837,36.6668,35,5854,2823,18678,4860,13.8057,380331,ISLAND
-122.7892,39.3899,41,2900,1736,17168,571,7.9096,125542,NEAR BAY
-123.759,37.1234,14,5410,241,848,3414,7.35,158237,<1H OCEAN
-117.7546,40.7975,30,2710,2036,7651,1196,1.5327,426620,NEAR OCEAN
-124.2216,41.0567,41,1204,3673,2845,4754,11.2009,347789,NEAR BAY
-118.3494,36.5063,4,7461,2235,12546,4352,8.393,137502,<1H OCEAN
-114.6276,35.1299,4,4299,4490,4638,1017,3.8291,399454,<1H OCEAN
-118.4575,38.1273,28,3954,1058,7347,4096,2.541,381763,ISLAND
-120.4242,41.1675,8,7363,3833,3134,5575,6.3674,345657,NEAR BAY
-117.7455,34.5013,2,2014,4348,11160,2751,12.7203,58749,NEAR OCEAN
-119.6883,38.4182,41,7465,4718,781,3957,13.1141,211855,NEAR OCEAN
-118.771,38.4998,46,3172,4337,1179,4072,9.4398,110645,NEAR BAY
-114.6146,39.4646,22,9298,2102,1655,5323,11.1855,263933,NEAR BAY
-120.4459,33.7499,41,506,3358,12020,5507,2.6122,103175,INLAND
-114.4075,39.3003,16,266,1766,10987,5337,9.2338,198395,ISLAND
-114.9938,41.1358,29,608,360,11412,5510,10.3375,100762,NEAR BAY
-122.4442,34.207,49,1761,4588,2983,392,3.81,114222,NEAR BAY
-123.7717,34.7567,48,3764,1310,15237,5636,13.3222,477709,INLAND
-123.4418,41.7283,30,3589,3982,5124,2268,3.73,239400,INLAND
-124.3087,34.2193,12,780,3318,14087,868,5.3887,305539,<1H OCEAN
-123.5083,40.6167,35,2624,634,7149,2576,9.6878,62213,NEAR OCEAN
-117.3284,37.1766,11,2220,2849,17924,5461,9.9369,147367,ISLAND
-123.7525,34.8487,46,5360,409,943,2342,10.7914,228002,<1H OCEAN
-121.1508,40.7721,50,4457,2916,1440,523,2.5682,208785,NEAR BAY
-115.6288,36.7304,21,1463,2061,19823,3209,12.8925,157157,INLAND
-124.2556,37.3908,21,9623,4989,4289,722,8.4599,279408,NEAR OCEAN
-115.9481,35.9127,5,2392,4056,18697,3645,7.5985,82583,<1H OCEAN
-121.5405,38.133,48,1638,1675,3482,334,14.7354,178792,NEAR OCEAN
-123.2593,34.0535,20,3508,2814,2421,2396,11.3653,129944,INLAND
-117.1843,36.2153,37,7842,940,1565,1060,2.6521,72369,<1H OCEAN
-117.8961,41.7094,3,8852,781,15956,4398,11.5915,229000,<1H OCEAN
-115.2865,34.9523,44,9391,4011,6376,3010,2.3335,427988,NEAR OCEAN
-116.7818,38.739,33,2003,4751,14655,277,1.3846,69510,INLAND
-116.0635,35.5893,9,274,2554,5636,594,6.6508,62120,NEAR BAY
-121.5386,39.848,9,2330,664,2967,4689,14.9101,149847,<1H OCEAN
-122.6369,33.7433,4,4387,3856,15951,5158,3.4484,148575,NEAR BAY
-116.6185,41.7133,35,4260,1769,17601,1572,10.417,441413,INLAND
-116.0282,36.811,17,7206,4819,3843,4538,3.4275,317439,<1H OCEAN
-114.0997,34.7425,34,9789,1637,9997,5605,11.147,70460,<1H OCEAN
-120.1675,33.1982,24,3271,1661,15909,5512,8.075,64963,NEAR BAY
-120.5938,34.1127,32,1667,946,1627,777,10.5196,389260,ISLAND
-116.3477,37.4379,1,1251,327,9538,2830,3.8402,77328,NEAR BAY
-120.9216,35.7015,8,7719,4697,18654,1124,11.4388,396773,NEAR BAY
-114.727,40.3744,45,6133,1686,9214,5690,14.9387,174034,ISLAND
-115.4867,36.5934,23,8660,2208,1080,4544,10.3191,71605,INLAND
-119.9956,34.8628,47,5046,2482,15931,3479,7.9087,423045,INLAND
-116.6159,38.3629,40,8334,3954,10835,4012,13.9244,225885,<1H OCEAN
-116.5773,39.2144,12,2007,4906,6741,223,1.2219,227443,NEAR OCEAN
-123.4172,34.0869,12,3590,3312,17347,2795,11.2189,158241,NEAR OCEAN
-115.0232,34.0924,46,2635,1499,6408,2352,13.4425,359742,<1H OCEAN
-119.1949,32.8484,47,4273,4550,18615,2012,1.8634,241848,NEAR OCEAN
-115.8222,39.4958,15,1393,1282,19631,2263,7.3009,304289,NEAR BAY
-121.1395,38.8061,41,4869,4167,1512,326,3.8661,384402,NEAR BAY
-115.097,37.009,19,4896,727,15561,1707,8.9313,353113,ISLAND
-120.4134,40.5196,26,6971,2708,10620,4129,10.0936,217984,ISLAND
-124.3862,40.1539,29,3072,2078,15947,1880,5.2367,219446,<1H OCEAN
-114.9935,38.0609,22,4022,3808,11696,1981,7.4397,253374,<1H OCEAN
-123.5415,40.7486,40,5097,4674,15524,5196,4.9108,112784,<1H OCEAN
-121.1472,34.4555,21,7132,2087,7087,742,6.1715,493098,NEAR BAY
-114.5243,33.5632,51,1092,2699,9549,799,3.2336,459144,NEAR OCEAN
-114.5186,35.0626,38,8212,706,13436,5349,13.3978,71274,<1H OCEAN
-118.4789,33.0423,20,5387,215,6271,548,1.1401,179994,<1H OCEAN
-117.8657,37.5461,29,2340,4994,7819,4913,13.3537,346560,NEAR BAY
-119.7913,41.3978,51,1576,4641,17121,363,9.0035,267220,NEAR BAY
-121.4213,32.8738,4,6526,639,14406,3806,5.6432,242070,NEAR BAY
-121.049,33.66,7,489,4574,18328,3702,11.1228,412578,NEAR OCEAN
-117.4386,36.7959,28,1099,2871,7439,5418,8.1085,293768,<1H OCEAN
-116.6001,41.3718,28,1955,4308,4972,228,7.9875,472263,INLAND
-116.1884,35.5035,4,8225,1312,13689,4756,2.542,486572,INLAND
-116.209,37.3187,22,8950,121,10053,3426,6.4532,218206,<1H OCEAN
-123.5423,32.8949,12,2863,3566,19617,1331,4.3749,363454,<1H OCEAN
-119.3086,33.9093,45,3763,4800,5228,2319,1.2197,392902,<1H OCEAN
-123.8956,41.873,3,5086,3630,15290,3356,6.0414,193435,<1H OCEAN
-118.7299,41.6686,22,1581,318,4018,1967,2.2575,487779,NEAR OCEAN
-119.8639,32.5469,44,7356,1826,2766,939,4.5956,342772,INLAND
-115.1791,41.5422,2,3831,2512,16624,5839,2.2952,119672,ISLAND
-120.8154,38.5716,24,7362,1318,13561,2064,2.4132,96246,INLAND
-123.2708,40.7452,34,551,1065,17769,438,3.7862,454377,INLAND
-122.9986,36.82,27,9829,2772,8231,1769,14.9979,139110,NEAR BAY
-116.5041,37.3982,41,3193,1133,13045,2862,1.0306,314954,<1H OCEAN
-118.0087,37.144,1,982,4151,11348,5504,9.9414,240932,<1H OCEAN
-123.4382,38.8352,8,4508,456,16812,1119,2.9774,258271,<1H OCEAN
-123.6169,33.8267,23,4168,3126,6430,3412,13.8888,121688,NEAR BAY
-117.1398,32.7847,38,3377,1035,665,2792,2.3109,377692,NEAR OCEAN
-123.736,35.4253,6,8666,3653,18764,2500,14.3709,243435,NEAR OCEAN
-115.8705,39.1945,22,8051,4535,18188,1565,9.553,323306,ISLAND
-117.0845,34.4176,25,4790,759,513,1090,1.0178,400002,NEAR OCEAN
-123.6458,38.8976,18,4695,2668,9208,1870,13.5161,123535,NEAR OCEAN
-123.6092,41.7142,17,4659,4899,3208,5235,8.304,450435,<1H OCEAN
-114.1403,33.3921,12,7391,1461,13484,5073,4.6774,120864,INLAND
-120.5702,38.8897,6,8260,4671,4988,4218,11.7419,184693,NEAR OCEAN
-120.6083,36.7156,26,212,1535,5467,2959,13.9733,168371,NEAR OCEAN
-115.9656,40.7474,27,5231,3000,8931,5285,7.7717,139792,NEAR BAY
-114.5539,34.1829,8,3297,4701,5653,1923,5.4177,225505,ISLAND
-114.147,39.0799,19,239,2984,2262,5871,12.0452,307416,NEAR BAY
-116.5895,40.4621,42,1524,4164,16816,698,10.545,116188,<1H OCEAN
-120.5493,41.4738,1,3049,4720,18690,1008,13.4425,236023,INLAND
-123.6232,38.9909,29,3268,1053,11745,5221,10.6952,393862,ISLAND
-116.34,37.2232,45,8808,2516,17846,2495,4.4094,288188,NEAR BAY
-118.6368,38.3695,49,6143,2516,9825,1627,14.0432,86558,NEAR OCEAN
-120.0457,40.7546,35,7089,1988,14609,2889,2.4677,178938,NEAR OCEAN
-114.9833,37.9208,40,7336,1989,6196,1522,4.7512,196731,ISLAND
-123.3324,32.7887,14,6361,1685,421,1809,8.2827,346557,NEAR OCEAN
-119.3274,41.344,35,987,1748,5615,5301,8.9204,322579,NEAR BAY
-124.3808,39.0505,48,3204,4577,8852,5047,1.2143,300272,NEAR BAY
-119.5791,38.9269,45,149,2141,8357,1445,11.928,497127,NEAR OCEAN
-123.9088,34.5489,20,4051,1945,7487,5177,6.0625,78067,NEAR OCEAN
-123.2524,38.7594,49,3660,4290,496,2460,6.6899,137794,<1H OCEAN
-123.266,36.2417,13,118,3448,1441,2062,12.3312,405967,INLAND
-117.6833,38.6867,38,4921,1123,11566,1298,6.31,381368,ISLAND
-116.6665,33.5126,49,6440,2452,17774,5318,1.6611,51379,NEAR BAY
-118.3746,38.7495,46,8158,4945,15504,2614,3.4702,414691,ISLAND
-114.3972,41.9944,49,9765,3262,19373,4709,14.3826,158541,<1H OCEAN
-120.5639,32.958,8,2706,4087,11941,2456,1.9857,470840,NEAR BAY
-121.5,41.7832,43,7946,1201,15048,5537,5.969,269499,<1H OCEAN
-115.3797,36.3656,20,8743,2495,6019,3823,8.0445,164634,<1H OCEAN
-122.1522,40.7722,33,6532,2006,9315,2225,7.9059,303579,NEAR OCEAN
-114.3862,39.9327,26,3865,4608,15911,1047,1.0554,440845,ISLAND
-124.3724,37.8867,39,2538,3957,5504,3559,8.0163,369889,ISLAND
-114.3163,39.5153,21,9841,857,3200,5075,6.3728,495021,NEAR OCEAN
-124.0468,40.8459,49,6458,236,15436,3503,14.6091,153915,ISLAND
-115.143,36.3393,42,8419,4877,6464,2261,3.2282,455732,NEAR OCEAN
-118.9591,35.6068,43,6041,4574,4707,2785,5.9582,260494,NEAR BAY
-114.0739,38.8421,41,7744,1357,10536,1193,6.8727,266915,<1H OCEAN
-123.7251,40.1745,9,4955,2334,14944,3250,6.4697,179560,<1H OCEAN
-118.6845,39.7417,24,6647,4916,5530,3370,10.3216,205915,ISLAND
-114.3223,40.0792,37,7296,807,8083,4931,4.0172,186984,INLAND
-119.0075,36.638,49,6011,4281,1033,423,4.095,202586,<1H OCEAN
-117.8913,40.2694,41,6581,4937,8593,5008,11.209,268431,NEAR OCEAN
-117.1946,33.642,17,2861,3904,9966,2745,8.0041,238104,INLAND
-119.7273,37.6726,24,4556,4316,10193,3402,6.8122,472013,INLAND
-117.9106,32.5547,21,9707,2256,15631,4183,3.3688,187521,<1H OCEAN
-118.3647,35.5836,51,6461,3608,1957,107,3.6254,182797,<1H OCEAN
-115.0378,35.9814,39,5793,1630,9266,1178,1.1477,393550,<1H OCEAN
-124.0228,36.2636,41,5888,1011,8787,5836,2.28,59304,NEAR OCEAN
-121.5499,39.1069,39,301,3897,13807,5490,8.7957,175555,INLAND
-114.5207,36.1913,13,6260,3625,4224,5759,13.4862,456879,ISLAND
-115.1522,36.7626,11,617,925,15758,4293,5.0203,382464,NEAR OCEAN
-119.7156,34.7567,46,7837,2468,9347,2877,5.5885,144488,NEAR BAY
-117.9886,36.0459,19,9633,4248,2040,1401,2.6185,308490,<1H OCEAN
-121.5875,34.6591,11,2088,1051,5646,5023,6.4408,387735,INLAND
-122.5247,33.1954,13,3902,3434,16424,4701,1.5211,407188,NEAR OCEAN
-119.6312,38.2328,46,5908,4116,3825,5105,13.8464,193748,NEAR BAY
-120.7898,38.848,45,7262,2895,18495,5247,10.4236,337336,NEAR OCEAN
-118.3716,38.3852,1,6341,1531,15756,2084,14.8705,311602,NEAR OCEAN
-123.6838,36.9032,40,8499,3351,14695,5335,13.3595,467938,ISLAND
-114.2689,36.108,44,5733,707,13718,2394,7.6219,188518,ISLAND
-114.1448,40.7017,19,5855,2830,16010,337,8.2756,431448,NEAR OCEAN
-117.1693,37.4313,12,6409,472,11407,1522,3.6681,447941,NEAR BAY
-118.871,37.0522,8,4217,3731,4485,2062,7.4686,266669,INLAND
-121.25,32.7436,8,8445,4316,19078,4618,13.6424,138207,INLAND
-115.9552,35.7419,45,1618,2760,15854,2042,1.7119,238704,<1H OCEAN
-117.3103,36.1119,12,6263,502,17479,138,13.0898,248017,<1H OCEAN
-122.7925,36.2888,48,2700,2447,14676,729,5.7733,123741,INLAND
-114.9353,38.0116,33,2295,2025,8001,3577,13.5932,66365,NEAR OCEAN
-115.8634,37.5692,45,3654,1707,6499,4160,14.1723,377936,NEAR OCEAN
-114.5271,38.2751,26,2949,2591,19115,4429,10.3921,245929,ISLAND
-116.8799,39.7664,39,1842,3125,3249,3270,10.3019,297481,ISLAND
-118.0591,40.2234,28,1406,3214,6818,437,7.3386,196776,<1H OCEAN
-120.1084,39.3222,5,3949,3016,9180,2623,12.6976,362719,INLAND
-114.7064,41.5775,8,7619,2103,8683,3874,14.4626,210974,NEAR OCEAN
-115.4063,32.6732,25,4295,337,18984,1121,11.8511,431785,INLAND
-124.0252,34.3599,27,5278,3267,4275,4441,9.7071,282366,NEAR BAY
-124.2231,32.5718,46,2655,3904,17030,3448,9.4951,444411,INLAND
-120.5471,38.651,23,2405,1497,6104,5555,12.8926,300319,NEAR BAY
-115.9892,41.0313,30,7719,657,1555,2281,8.5769,365661,ISLAND
-114.1336,34.8131,45,9380,4602,9103,4189,12.254,84012,ISLAND
-122.9206,41.3068,47,2742,1814,15799,3654,8.1244,192487,<1H OCEAN
-118.2616,33.0725,23,9469,1275,10882,5718,1.8742,482750,INLAND
-120.5006,41.3771,49,6509,1285,16394,528,6.3753,71686,INLAND
-114.3159,35.8404,47,4857,1079,14833,2399,7.2222,258270,NEAR BAY
-115.6578,33.4635,20,3094,2721,1601,3184,2.9826,209815,ISLAND
-115.6975,37.1158,18,8851,4012,15204,707,2.4349,82161,NEAR BAY
-119.5787,34.9394,18,1371,4592,13849,4772,8.4965,297066,ISLAND
-120.1444,35.2063,2,1913,4980,6902,5658,2.192,289689,NEAR BAY
-121.6292,35.4193,4,8901,3227,1499,1312,5.2412,314546,ISLAND
-123.9081,40.1287,30,2561,3772,2709,5515,11.4244,113190,NEAR BAY
-115.4204,37.622,33,4220,4956,7559,3925,14.5021,296256,ISLAND
-115.9645,35.4574,36,6224,1525,2771,3095,11.0502,495767,NEAR BAY
-114.003,38.2982,18,8575,2946,12494,3229,14.8968,325419,INLAND
-114.0353,39.3034,37,4496,858,9687,5668,10.7767,209254,<1H OCEAN
-118.668,35.0899,19,9383,1028,10540,5191,5.1131,64915,NEAR BAY
-116.4256,36.4287,47,916,2513,2975,344,10.4087,313053,<1H OCEAN
-114.58,33.6579,28,7404,775,9874,5107,10.8302,426254,INLAND
-115.5787,34.2209,40,7431,2551,6290,2013,6.2042,115908,INLAND
-121.9028,38.9706,20,182,3412,16946,3996,1.248,177337,ISLAND
-119.7693,34.2237,49,2020,1266,265,4832,10.8448,334764,<1H OCEAN
-123.1438,37.4891,33,7917,4101,7349,2790,1.3038,84112,NEAR OCEAN
-114.4825,39.2359,12,2193,2247,11573,4392,9.8366,255123,ISLAND
-118.1352,33.5153,51,7171,2856,10414,2603,3.2906,52431,<1H OCEAN
-122.0993,37.8895,15,8067,828,3203,3577,8.9184,136590,NEAR BAY
-117.4471,34.9373,41,8467,1022,1756,3607,8.0548,374319,NEAR BAY
-118.0097,41.6478,39,5385,2860,10348,171,1.1892,167472,INLAND
-120.7393,37.0937,2,5037,2173,1617,974,6.0801,344768,NEAR OCEAN
-123.3076,40.1569,29,469,648,10450,5622,9.4153,257193,NEAR BAY
-117.4485,37.7272,41,1918,3391,10395,4374,12.8805,111264,<1H OCEAN
-119.0368,32.9124,10,2201,274,1178,2391,13.441,425910,<1H OCEAN
-116.3907,38.5149,2,3590,890,19944,4984,7.7739,213030,NEAR BAY
-119.0383,41.5383,51,1879,1864,7917,1211,11.1979,444911,<1H OCEAN
-115.5521,38.2153,11,7774,4859,18799,707,5.4304,412355,<1H OCEAN
-118.705,40.2823,13,1464,1156,5633,329,5.7906,169502,INLAND
-118.6102,40.9,10,7394,174,4947,1522,3.7225,493148,NEAR OCEAN
-115.2951,34.6668,14,3776,3296,6051,3147,8.8673,280395,INLAND
-120.2634,34.5144,18,2526,2981,11163,4588,5.4039,356369,NEAR OCEAN
-123.0928,38.3043,51,8364,4175,4617,3387,2.1812,182475,<1H OCEAN
-124.1978,36.4048,9,8189,3021,9321,3415,10.5901,255463,NEAR OCEAN
-116.5711,40.4787,39,3062,2067,14398,833,10.9085,219708,<1H OCEAN
-117.9867,41.0502,28,959,2465,11753,865,6.0399,322983,<1H OCEAN
-117.1072,35.8575,3,4238,4640,13379,1184,2.0741,285706,INLAND
-122.2639,34.7503,20,2524,3146,2791,4782,6.9682,228901,INLAND
-123.0681,39.915,6,9356,1659,19454,5924,7.1927,190302,ISLAND
-124.3473,35.1107,27,4117,767,6306,5559,10.3614,101977,NEAR BAY
-120.8188,40.3148,2,8660,3611,278,1787,5.4158,483448,ISLAND
-118.3059,36.5255,29,8442,1066,16728,5380,10.5564,425194,ISLAND
-120.3814,38.8417,38,1234,3615,4334,374,13.2008,275864,NEAR OCEAN
-119.9065,33.4076,3,5266,4751,13314,1892,4.3248,75651,<1H OCEAN
-115.0063,38.4267,16,5219,4520,13440,2044,14.7049,147919,<1H OCEAN
-120.8433,36.7918,30,5794,2010,968,2837,6.4092,352107,<1H OCEAN
-119.1031,38.0728,40,6236,1098,11495,3852,4.7416,236944,NEAR BAY
-116.2716,34.0961,2,5585,1407,548,4295,6.9012,167776,NEAR OCEAN
-120.3363,39.5003,17,4264,3476,2859,85,2.3216,391342,NEAR OCEAN
-117.9681,40.6966,41,2446,165,5011,4935,2.7599,194811,<1H OCEAN
-115.4452,34.559,12,5139,2145,9067,5487,6.8021,180697,ISLAND
-114.53,33.4093,35,4997,1851,3829,4286,11.6742,375438,NEAR BAY
-122.9557,32.7246,43,8352,2196,10100,4110,13.6044,229428,ISLAND
-114.7708,38.5987,1,5141,1670,2168,2541,10.3075,51789,INLAND
-119.3328,38.2674,45,4001,4830,6441,2601,2.4731,462636,NEAR OCEAN
-121.7884,37.6936,15,1437,3000,195,1410,10.4083,401441,NEAR OCEAN
-119.6791,34.7035,26,1284,3842,13979,1150,9.896,286974,ISLAND
-114.2097,36.2136,37,4526,2991,14967,2506,12.2807,311413,NEAR BAY
-119.3275,38.1475,21,1651,4955,4615,854,12.5535,218678,NEAR OCEAN
-121.0481,37.2193,49,1729,1027,16626,246,13.1548,481856,ISLAND
-117.8493,41.884,31,9619,3116,6687,3535,6.7978,430485,NEAR BAY
-121.9785,33.7962,25,1626,833,8293,4557,10.7701,94135,ISLAND
-123.7034,39.1039,23,9965,290,2460,2463,4.7555,87067,NEAR BAY
-123.1468,36.341,24,1461,1603,1870,747,14.9907,329501,<1H OCEAN
-123.1555,36.5679,38,9865,4628,19398,5720,3.4547,220923,NEAR BAY
-122.905,39.3172,28,4470,1062,2571,3706,1.1416,350406,INLAND
-123.0423,39.0781,21,5383,236,19002,3642,3.0833,257925,<1H OCEAN
-117.7708,41.9169,43,7710,1931,5932,1056,11.8622,370787,ISLAND
-122.5903,33.7197,18,2093,4636,1917,1852,7.255,464750,<1H OCEAN
-120.8705,33.489,36,969,480,7515,5964,7.265,403414,<1H OCEAN
-115.0837,39.3812,35,1114,288,11511,2760,14.3703,213944,ISLAND
-119.5234,37.9947,45,702,2395,19633,512,13.8749,450905,ISLAND
-117.4906,35.1045,9,790,125,6153,1568,5.3567,119103,INLAND
-122.6906,33.2545,38,8785,1406,12247,1163,3.9268,398412,ISLAND
-122.481,33.3138,30,589,4972,15474,5085,12.8788,136310,NEAR OCEAN
-124.0709,40.9948,44,6964,2380,16103,3977,13.6843,87412,NEAR OCEAN
-122.7262,34.3227,34,7340,4736,290,3427,8.5824,359878,INLAND
-121.5748,35.572,32,7886,1952,19874,659,9.8119,399937,NEAR BAY
-122.6414,34.6532,3,8124,4063,4681,192,4.5968,251002,NEAR BAY
-123.5686,35.8725,3,394,4720,9649,5686,12.2112,72228,NEAR OCEAN
-123.2333,33.1595,28,5588,2109,11744,4374,9.8497,170627,ISLAND
-119.6618,37.4311,44,4127,190,5127,3979,8.0492,390068,INLAND
-122.3335,33.1423,15,3012,1839,3818,536,1.8415,61319,NEAR BAY
-120.6752,40.1034,41,4844,3676,9192,542,13.8231,56475,NEAR BAY
-119.2141,34.7203,23,1973,66,8045,1937,9.6163,278163,<1H OCEAN
-117.2509,37.6301,40,3358,4398,13326,2906,3.6977,195800,NEAR OCEAN
-124.0872,40.8608,11,2917,514,12796,2184,9.4894,291382,ISLAND
-116.1062,38.6833,48,8736,4521,11525,1949,10.4845,341689,INLAND
-117.907,37.5631,32,3741,1877,18607,3965,8.3608,408780,NEAR BAY
-123.6415,35.5812,36,4558,3078,6618,5255,11.0534,279484,<1H OCEAN
-115.3274,35.6635,33,5407,569,2651,2229,9.1404,242828,NEAR OCEAN
-114.8308,38.8601,24,9033,139,19091,3803,14.2688,249847,NEAR OCEAN
-123.8587,41.9443,39,2141,4865,6130,2610,1.7518,481915,INLAND
-121.5928,38.7875,34,779,2901,13904,4954,2.4874,480037,NEAR BAY
-116.0349,37.7989,28,5838,2893,2209,4096,3.4314,342759,INLAND
-116.6433,39.4412,37,5768,4775,8363,5205,10.6624,325890,INLAND
-122.5625,36.9195,7,9650,1934,4418,1113,10.0383,203817,<1H OCEAN
-122.3018,33.0714,4,7797,4221,1367,3900,13.4888,313389,NEAR OCEAN
-120.61,37.8418,37,8133,975,13322,2514,11.2603,167408,ISLAND
-119.4125,41.5974,1,162,3784,1280,2599,8.117,162143,NEAR OCEAN
-118.0083,34.1654,1,7929,1019,17567,2508,14.8856,468069,NEAR OCEAN
-120.6264,39.055,47,7452,1144,1351,2805,4.7255,339776,<1H OCEAN
-119.6434,34.4089,20,7015,3245,15977,2778,12.6647,325000,ISLAND
-116.6516,37.5904,19,8426,1454,1960,1594,6.9751,237965,NEAR BAY
-124.1148,33.4184,29,3744,3414,14954,5696,10.0823,282298,ISLAND
-121.8494,36.7785,10,5070,4340,8157,2393,11.1818,118049,NEAR BAY
-117.0098,39.6836,18,8103,4032,18350,4010,9.8726,370326,ISLAND
-115.1003,35.8019,28,3378,4373,2807,5230,2.9671,446017,INLAND
-119.1274,38.8167,35,7396,4063,6514,4865,7.2013,278953,ISLAND
-118.9128,40.0568,43,9114,4606,16612,1113,8.8601,260503,<1H OCEAN
-123.3747,41.3082,47,3174,4763,9138,1209,12.8866,220821,NEAR BAY
-119.8022,34.7291,31,8412,3142,15174,2709,7.211,254829,NEAR OCEAN
-118.9075,36.2935,27,7652,4209,14310,4115,13.8625,367798,<1H OCEAN
-121.9541,33.948,11,1737,2124,9793,1895,7.1652,252646,NEAR BAY
-121.6729,41.9286,49,5203,334,8733,3426,8.6829,367525,NEAR BAY
-120.5385,41.3065,49,9216,4983,110,1807,12.148,108601,NEAR OCEAN
-124.2893,37.6296,38,744,4976,9319,3952,9.1629,196154,INLAND
-121.1182,40.4993,5,2132,1237,2945,1627,14.4431,195720,<1H OCEAN
-122.2798,37.4491,8,2861,4019,15373,3768,10.2447,312508,NEAR OCEAN
-121.0613,38.4241,34,2168,3015,12402,68,8.3179,215640,NEAR OCEAN
-123.2425,33.3467,48,341,4369,11925,5191,1.3303,255704,INLAND
-115.1495,39.6751,12,2768,833,17019,5428,6.7923,319580,<1H OCEAN
-118.2673,33.7133,38,902,999,5873,3881,5.1895,398857,NEAR OCEAN
-117.3694,40.3476,1,5159,3989,12012,5765,11.4735,469970,INLAND
-116.2